State Name,State area   ( Km^2),Year,State Population,Total Water Storage in Reservoirs(mcm),Groundwater Level(mbgl),Total Water Demand(BCM),Rain Water(mm),Population Density(per Km^2),Water Stress Index
Andhra Pradesh,"162,975",2023,"101,024,395","8,021",11.07,49.0,151.5,619.8766375,9.952877061
Andhra Pradesh,"162,975",2022,99734221,"7,539",10.97,48.5,575.5,611.9602454,8.62231321
Andhra Pradesh,"162,975",2021,98449661,"7,742",7.57,48.0,1095.7,604.0783004,8.717333751
Andhra Pradesh,"162,975",2020,97170395,"7,911",6.81,47.5,370.3,596.2288388,8.36475271
Andhra Pradesh,"162,975",2019,95896435,"7,451",11.2,47.0,790.7,588.4119343,9.092266922
Andhra Pradesh,"162,975",2018,94627763,"6,881",13.89,46.5,580,580.6274766,9.537828273
Andhra Pradesh,"162,975",2017,93364349,"7,563",10.1,46.0,740.9,572.8752815,8.425009207
Andhra Pradesh,"162,975",2016,92106281,"6,994",11.87,45.5,582.6,565.1558889,8.602796667
Andhra Pradesh,"162,975",2015,90853421,"7,785",9.61,45.0,778.8,557.4684522,7.922896856
Andhra Pradesh,"162,975",2014,89605829,"7,292",10.44,44.5,687.6,549.8133395,7.889416694
Andhra Pradesh,"162,975",2013,84590566,"6,756",7.42,44.0,1081.8,519.040135,6.841800997
Andhra Pradesh,"162,975",2012,84665533,"5,893",7.8,43.5,675.9454545,519.5001258,6.831075235
Andhra Pradesh,"162,975",2011,84580777,"6,292",8.08,43.0,723.622314,518.9800706,6.790846278
Andhra Pradesh,"162,975",2010,76210007,"7,151",5.08,42.5,737.087979,467.6177757,5.643734537
Arunachal Pradesh,"83,743",2023,1363743,"1,917",10.5,6.7,170.79,16.28485963,0.3523657216
Arunachal Pradesh,"83,743",2022,1337245,"1,799",8.56,6.6,"2,684.40",15.96843915,0.3244085882
Arunachal Pradesh,"83,743",2021,1311593,"1,823",9.2,6.5,"1,236",15.66212101,0.6194364957
Arunachal Pradesh,"83,743",2020,1383355,"1,849",8.45,6.4,2083.8,16.51905234,0.6316528688
Arunachal Pradesh,"83,743",2019,1383355,"1,733",8.2,6.3,2992.9,16.51905234,0.6180512598
Arunachal Pradesh,"83,743",2018,1383355,"1,646",9.6,6.2,"2,237.20",16.51905234,0.6293287931
Arunachal Pradesh,"83,743",2017,1383355,"1,694",10.12,6.1,2745.3,16.51905234,0.6272434106
Arunachal Pradesh,"83,743",2016,1383355,"1,562",8.99,6.0,2706.9,16.51905234,0.5999625695
Arunachal Pradesh,"83,743",2015,1383355,"1,583",6.5,5.9,2107.16125,16.51905234,0.5562026669
Arunachal Pradesh,"83,743",2014,1383355,"1,652",8.26,5.8,2403.2,16.51905234,0.5698254963
Arunachal Pradesh,"83,743",2013,1383727,"1,546",8.26,5.7,2042.9,16.5234945,0.5601563615
Arunachal Pradesh,"83,743",2012,1382611,"1,416",7.56,5.6,2107.1,16.51016801,0.5408151119
Arunachal Pradesh,"83,743",2011,1383727,"1,221",6.4,5.5,2107.1,16.5234945,0.5174440243
Arunachal Pradesh,"83,743",2010,1097968,"1,288",6.2,5.4,2107.1,13.11116153,0.4012787678
Assam,"78,438",2023,45714904,"3,909",5.91,20.0,"2,520",582.8157781,0.3372330057
Assam,"78,438",2022,44353520,"3,783",2.93,19.8,"1,793.50",565.4595987,0.3034168846
Assam,"78,438",2021,42992136,"3,658",3.05,19.6,"2,072.60",548.1034193,0.2918754322
Assam,"78,438",2020,41630752,"3,533",2.37,19.5,"2,175.96",530.7472399,0.2771760301
Assam,"78,438",2019,40269368,"3,409",2.85,19.2,"1,524.60",513.3910605,0.2666782106
Assam,"78,438",2018,38907984,"3,285",3.06,19.1,"1,905.10",496.0348811,0.2574652499
Assam,"78,438",2017,37546600,"2,921",2.72,18.8,"1,800",478.6787016,0.2427961083
Assam,"78,438",2016,36185216,"3,041",3.17,18.7,"2,818",461.3225222,0.2349793697
Assam,"78,438",2015,34823832,"2,921",2.73,18.4,"2,418.80",443.9663428,0.2204417323
Assam,"78,438",2014,33462448,"2,803",3.05,18.2,1899,426.6101634,0.2109517819
Assam,"78,438",2013,31205576,"2,691",2.89,18.0,1811.5,397.8374767,0.3773588204
Assam,"78,438",2012,31169272,"2,582",2.81,17.8,"2,067",397.3746398,0.3720979463
Assam,"78,438",2011,31205576,"2,463",2.95,17.6,2067,397.8374767,0.3694415945
Assam,"78,438",2010,26655528,"2,351",2.9,17.4,2067,339.8292664,0.3116565152
Bihar,"94,163",2023,171209868,"2,355",7.45,30.9,1104.689286,1818.228689,1.684340659
Bihar,"94,163",2022,164909057,"2,284",7.3,30.7,"1,326",1751.314816,1.606183008
Bihar,"94,163",2021,158608245,"2,213",3.93,30.5,269.3,1684.400932,1.422519956
Bihar,"94,163",2020,152307434,"2,142",5.38,30.3,"1,272.50",1617.48706,1.40111989
Bihar,"94,163",2019,146006623,"2,071",5.89,30.1,97.8,1550.573187,1.349753783
Bihar,"94,163",2018,139705811,"2,000",6.66,29.9,100.3,1483.659304,1.30571764
Bihar,"94,163",2017,133405000,"1,929",5.37,29.7,84.6,1416.745431,1.202691879
Bihar,"94,163",2016,127104188,"1,858",4.32,29.5,128.7,1349.831547,1.112008474
Bihar,"94,163",2015,120803377,"1,787",8.32,29.3,123.6,1282.917675,1.150459223
Bihar,"94,163",2014,114502566,"1,716",6.56,29.1,1061,1216.003802,1.039109527
Bihar,"94,163",2013,104099452,"1,645",6.22,28.9,1069.9,1105.523953,1.811698159
Bihar,"94,163",2012,103804737,"1,574",6.63,28.7,553,1102.394114,1.811048328
Bihar,"94,163",2011,104099452,"1,503",6.2,28.5,559,1105.523953,1.785827862
Bihar,"94,163",2010,82998509,"1,432",6.2,28.3,559,881.4344169,1.413848989
Chhattisgarh,"135,192",2023,25595218,"5,551",8.43,14.8,1142,189.3249453,0.8598271974
Chhattisgarh,"135,192",2022,25590216,"5,387",4.14,14.7,1500,189.287946,0.7739727302
Chhattisgarh,"135,192",2021,25585214,"5,223",4.32,14.6,1309.6,189.2509468,0.7715889511
Chhattisgarh,"135,192",2020,25580212,"5,059",4.61,14.5,"1,492.38",189.2139476,0.7710460629
Chhattisgarh,"135,192",2019,25575210,"4,895",5.05,14.4,1471.4,189.1769483,0.7730728819
Chhattisgarh,"135,192",2018,25570208,"4,731",4.26,14.3,"1,492.38",189.1399491,0.7542974398
Chhattisgarh,"135,192",2017,25565206,"4,567",4.78,14.2,1401.293333,189.1029499,0.7574889413
Chhattisgarh,"135,192",2016,25560204,"4,403",4.47,14.1,1315.8,189.0659506,0.7468887373
Chhattisgarh,"135,192",2015,25555202,"4,239",4.88,14.0,1279,189.0289514,0.74818439
Chhattisgarh,"135,192",2014,25550200,"4,075",3.86,13.9,1274.7,188.9919522,0.7262768842
Chhattisgarh,"135,192",2013,25545198,"3,911",4.55,13.8,1418.3,188.954953,1.424281684
Chhattisgarh,"135,192",2012,25540196,"3,747",4.54,13.7,1366.8,188.9179537,1.413374633
Chhattisgarh,"135,192",2011,20833803,"3,583",4.22,13.6,1401.2,154.1052947,1.136510339
Chhattisgarh,"135,192",2010,20833803,"3,419",4.18,13.5,1401.2,154.1052947,1.127168867
Delhi,"1,484",2023,32941000,"1,017",39.9,9.4,762.3,22197.43935,5.128406798
Delhi,"1,484",2022,32066000,985,39.4,9.3,811.4,21607.81671,4.706094618
Delhi,"1,484",2021,31181000,953,39.11,9.2,904.4,21011.45553,4.406420862
Delhi,"1,484",2020,30291000,921,38.52,9.1,"1,008.60",20411.72507,4.016493355
Delhi,"1,484",2019,29399000,889,38.125,9.0,612.7,19810.6469,3.727272643
Delhi,"1,484",2018,28514000,857,37.682,8.9,816,19214.28571,3.446286116
Delhi,"1,484",2017,27602000,825,36.26,8.8,641.3,18599.73046,2.957252568
Delhi,"1,484",2016,26720000,793,36.23657143,8.7,524.7,18005.39084,2.82543113
Delhi,"1,484",2015,25886000,761,35.68867857,8.6,505.5,17443.39623,2.602199292
Delhi,"1,484",2014,25039000,729,35.14078571,8.5,731.8777778,16872.64151,2.396022672
Delhi,"1,484",2013,24239000,697,34.59289286,8.4,461.3,16333.55795,2.360228987
Delhi,"1,484",2012,23464000,665,34.045,8.3,451.9,15811.32075,2.180044274
Delhi,"1,484",2011,22787941,633,33.49710714,8.2,731.8,15355.75539,2.022245602
Delhi,"1,484",2010,21451000,601,32.94921429,8.1,"1,031.50",14454.85175,1.819936391
Goa,"3,702",2023,1588178.7,434,8.15,1.11,3206.4,429.0055916,0.1451413314
Goa,"3,702",2022,1588090,418,5.19,1.1,"3,005",428.9816316,0.134326353
Goa,"3,702",2021,1580289.1,402,5.22,1.09,3946.3,426.8744192,0.1325373179
Goa,"3,702",2020,1580200.4,386,5.12,1.08,4405.7,426.8504592,0.1310201041
Goa,"3,702",2019,1580111.7,370,4.17,1.07,4730.8,426.8264992,0.1271084373
Goa,"3,702",2018,1580023,354,5.15,1.06,3269.8,426.8025392,0.1286686262
Goa,"3,702",2017,1579934.3,338,3.38,1.05,2773,426.7785791,0.1226105177
Goa,"3,702",2016,1556707.67,322,4.42,1.04,3064.2,420.504503,0.2381808529
Goa,"3,702",2015,1546753.4,306,4.34,1.03,2586.7,417.8156132,0.2339740829
Goa,"3,702",2014,1513572.5,290,3.82,1.02,2913.2,408.8526472,0.2241775081
Goa,"3,702",2013,1458545,274,4.35,1.01,3684.9,393.9883847,0.2163890761
Goa,"3,702",2012,1457723,258,4.31,1.0,3048.9,393.7663425,0.2139414
Goa,"3,702",2011,1458545,242,4.47,0.99,"3,403",393.9883847,0.2126644459
Goa,"3,702",2010,1347668,226,4.27,0.98,3300.2,364.0378174,0.1936628945
Gujarat,"196,024",2023,73718748.8,"10,537",38.28,42.8,968.2830769,376.0700159,17.51783878
Gujarat,"196,024",2022,72300798.2,"13,321",23.32,42.6,"1,107",368.8364598,7.512287546
Gujarat,"196,024",2021,70882847.6,"10,053",58.76,42.4,793.2,361.6029037,8.7833183
Gujarat,"196,024",2020,69464897,"9,811",60.49,42.2,938.9,354.3693476,8.6415
Gujarat,"196,024",2019,68046946.4,"9,569",4.73,42.0,1278.7,347.1357915,4.108272984
Gujarat,"196,024",2018,66628995.8,"9,327",7.67,41.8,687.6,339.9022354,4.28162203
Gujarat,"196,024",2017,65211045.2,"9,085",6.37,41.6,1024.4,332.6686793,4.046161506
Gujarat,"196,024",2016,63793094.6,"9,202",6.83,41.4,764.9,325.4351233,7.7478343
Gujarat,"196,024",2015,60551820,"8,601",7.79,41.2,677.6,308.9000326,7.485110194
Gujarat,"196,024",2014,60495756,"8,359",6.37,41.0,792.2,308.6140269,7.199657465
Gujarat,"196,024",2013,60439692,"8,117",4.84,40.8,1250.5,308.3280211,6.915326286
Gujarat,"196,024",2012,60383628,"7,875",7.36,40.6,460.6,308.0420153,7.281478192
Gujarat,"196,024",2011,60439692,"7,633",5.2,40.4,936.72,308.3280211,6.902601336
Gujarat,"196,024",2010,50671017,"7,391",5.46,40.2,1077.27,258.4939446,5.791902714
Haryana,"44,212",2023,38815802.2,"2,401",20.12,14.6,582.3121212,877.9472134,10.64972015
Haryana,"44,212",2022,37553570.9,"2,327",28.66,14.5,617,849.3976952,14.32774858
Haryana,"44,212",2021,36291339.6,"2,253",15.04,14.4,686.7,820.848177,8.393661482
Haryana,"44,212",2020,35029108.3,"2,179",19.22,14.3,376.1,792.2986587,9.138124646
Haryana,"44,212",2019,33766877,"2,105",14.17,14.2,356.8,763.7491405,7.514395513
Haryana,"44,212",2018,32504645.7,"2,031",14.73,14.1,485.7,735.1996223,7.296575115
Haryana,"44,212",2017,31242414.4,"1,957",14.08,14.0,421.6,706.650104,6.837497234
Haryana,"44,212",2016,29980183.1,"1,883",14.88,13.9,398.7,678.1005858,6.66278214
Haryana,"44,212",2015,28717951.8,"1,809",13.88,13.8,437.8,649.5510676,6.577600864
Haryana,"44,212",2014,27455720.5,"1,735",13.61,13.7,305.7,621.0015494,6.196631852
Haryana,"44,212",2013,25351462,"1,661",14.33,13.6,461.3,573.4068126,5.794569622
Haryana,"44,212",2012,25353081,"1,587",14.27,13.5,307.9,573.4434316,5.742695099
Haryana,"44,212",2011,25351462,"1,513",10.74,13.4,300.4,573.4068126,5.187310293
Haryana,"44,212",2010,21144564,"1,439",10.95,13.3,429.6416667,478.2539582,4.317303755
Himachal Pradesh,"55,673",2023,7446684,"7,672",7.16,4.8,"1,334.90",133.7575485,3.72050612
Himachal Pradesh,"55,673",2022,7376019,"7,691",5.56,4.7,"1,251",132.4882618,3.478519929
Himachal Pradesh,"55,673",2021,7305354,5.587,6.41,4.7,1037.6,131.2189751,3.512397833
Himachal Pradesh,"55,673",2020,7234690,"5,645",5.88,4.6,1052.2,129.9497063,3.363512285
Himachal Pradesh,"55,673",2019,7164025,"8,634",6.05,4.6,1217.7,128.6804196,3.343526564
Himachal Pradesh,"55,673",2018,7093360,9103,6.05,4.5,1182.1,127.4111329,3.238580267
Himachal Pradesh,"55,673",2017,6896974,7337,6.55,4.5,1182.2,123.883642,3.400575005
Himachal Pradesh,"55,673",2016,6888881,5576,7.01,4.4,921.5,123.7382753,3.356662483
Himachal Pradesh,"55,673",2015,6880788,"7,555",6.03,4.4,1223.2,123.5929086,3.277971272
Himachal Pradesh,"55,673",2014,6872695,"5,243",4.97,4.3,1019.9,123.4475419,3.12440185
Himachal Pradesh,"55,673",2013,6864602,"4,193",6.18,4.3,1216.9,123.3021752,3.206879507
Himachal Pradesh,"55,673",2012,6856509,"3,143",6.06,4.2,1035.1,123.1568085,3.120077986
Himachal Pradesh,"55,673",2011,6864602,"3,093",6.17,4.2,"1,139.53",123.3021752,3.131592817
Himachal Pradesh,"55,673",2010,6077900,"1,043",5.96,4.1,"1,123",109.1714116,2.693783427
Jharkhand,"79,710",2023,40692471.17,1462,13.51,10.2,1140.9,510.5064756,3.542584239
Jharkhand,"79,710",2022,39856002.75,2012,4.18,10.1,1140.9,500.01258,2.736166916
Jharkhand,"79,710",2021,39019534.34,1461,3.67,10.0,1444.8,489.5186844,2.62300836
Jharkhand,"79,710",2020,38183065.92,"2,811",3.59,9.9,1140.6,479.0247889,2.5367463
Jharkhand,"79,710",2019,37346597.5,"2,652",3.46,9.8,1137.8,468.5308933,2.449251736
Jharkhand,"79,710",2018,36716791.63,"2,491",3.75,9.7,960,460.629678,2.560536744
Jharkhand,"79,710",2017,35854647.87,"2,325",4.27,9.6,1165.8,449.813673,2.502763101
Jharkhand,"79,710",2016,34992504.11,"2,173",4.47,9.5,1264,438.9976679,2.427751657
Jharkhand,"79,710",2015,32980835.33,"2,045",5.37,9.4,1085.6,413.7603228,2.309762911
Jharkhand,"79,710",2014,32980835.33,"1,933",4.81,9.3,1156.6,413.7603228,2.256869821
Jharkhand,"79,710",2013,32988134,"1,781",3.56,9.2,1253.6,413.8518881,2.172986528
Jharkhand,"79,710",2012,32966238,"1,645",4.83,9.1,1102,413.5771923,2.208337755
Jharkhand,"79,710",2011,32988134,"1,518",4.46,9.0,1140.675,413.8518881,2.167762871
Jharkhand,"79,710",2010,26945829,"1,432",6.73,8.9,1141.034375,338.0482875,1.842886668
Karnataka,191791,2023,72115815.78,"19,433",12.24,36.6,1709.3,376.0125125,9.047643453
Karnataka,191791,2022,70936310.44,"17,278",0.54,36.4,1996.3,369.862561,6.757323528
Karnataka,191791,2021,69756805.11,"19,817",4.25,36.2,2022.1,363.7126096,7.144318336
Karnataka,191791,2020,68577299.78,"20,292",4.91,36.0,2035.4,357.5626582,7.086942247
Karnataka,191791,2019,67397794.44,"19,606",6.3,35.8,2035.4,351.4127068,7.146656449
Karnataka,191791,2018,66218289.11,"18,920",6.89,35.6,1956.3,345.2627553,7.556626934
Karnataka,191791,2017,65038783.78,"18,234",6.11,35.4,1747.6,339.1128039,7.249210129
Karnataka,191791,2016,63859278.44,"17,548",6.9,35.2,2009.5,332.9628525,7.207208508
Karnataka,191791,2015,61107099.33,"16,862",5.62,35.0,1463.6,318.6129658,6.659723186
Karnataka,191791,2014,61107099.33,"16,176",5.62,34.8,1834.9,318.6129658,6.621613533
Karnataka,191791,2013,61095297,"15,490",6.1,34.6,1959,318.5514284,6.654236225
Karnataka,191791,2012,61130704,"14,804",7.34,34.4,956.1,318.7360408,6.812170708
Karnataka,191791,2011,61095297,"14,118",6.29,34.2,1745.3,318.5514284,6.605932619
Karnataka,191791,2010,52850562,"13,432",5.31,34.0,1709.0375,275.5633059,5.556484263
Kerala,38863,2023,35478011.67,"2,673",9.61,11.9,2719.9,912.8994588,0.6676869354
Kerala,38863,2022,35255360.38,"2,807",6.26,11.8,"3,055",907.170326,0.6075301117
Kerala,38863,2021,35032709.1,"3,469",4.91,11.7,3606.3,901.4411933,0.5806498295
Kerala,38863,2020,34810057.81,"3,964",6.04,11.6,2719.9,895.7120606,0.5867428399
Kerala,38863,2019,34587406.52,"3,834",5.23,11.5,3119.2,889.9829278,0.5675029578
Kerala,38863,2018,34364755.24,"3,779",6.12,11.4,3518.9,884.2537951,0.6088471449
Kerala,38863,2017,34142103.95,"3,724",5.82,11.3,2664.9,878.5246623,0.5955365759
Kerala,38863,2016,33919452.67,"3,669",6.35,11.2,1870.9,872.7955296,0.5935476918
Kerala,38863,2015,33399933,"3,614",5.5,11.1,2602.9,859.4275532,0.5681654243
Kerala,38863,2014,33399933,"3,559",5.69,11.0,3046.4,859.4275532,0.5654553506
Kerala,38863,2013,33406061,"3,504",5.68,10.9,3255.4,859.5852353,0.560288578
Kerala,38863,2012,33387677,"3,449",6.12,10.8,2187.5,859.112189,0.5604196369
Kerala,38863,2011,33406061,"3,394",5.47,10.7,2783.2625,859.5852353,0.5474202718
Kerala,38863,2010,31841374,"3,341",5.09,10.6,2741.270313,819.323624,0.5125305764
Maharashtra,307690,2023,122704047.6,"63,089",11.57,68.2,4816.9,398.7911455,17.56721681
Maharashtra,307690,2022,121412776.5,"61,552",4.19,67.9,5002,394.5944832,14.51819131
Maharashtra,307690,2021,120121505.5,"60,014",3.97,67.6,4436.5,390.3978209,14.23216261
Maharashtra,307690,2020,118830234.5,"60,541",4.28,67.3,4816.9,386.2011585,14.11159825
Maharashtra,307690,2019,117538963.4,"57,441",4.25,67.0,5550.9,382.0044962,13.88671067
Maharashtra,307690,2018,116247692.4,"54,991",4.97,66.7,4744.3,377.8078339,14.83101051
Maharashtra,307690,2017,112373879.3,"52,841",4.34,66.4,4894.4,365.217847,14.07536348
Maharashtra,307690,2016,112373879.3,"51,191",3.48,66.1,5923.4,365.217847,13.75247203
Maharashtra,307690,2015,112373879.3,"49,541",5.5,65.8,3629.5,365.217847,14.31214418
Maharashtra,307690,2014,112373879.3,"48,844",4.63,65.5,4138,365.217847,13.9735694
Maharashtra,307690,2013,112374333,"47,544",3.73,65.2,4962.4,365.2193214,13.63885744
Maharashtra,307690,2012,112372972,"46,171",5.33,64.9,4692.4,365.2148981,14.06223337
Maharashtra,307690,2011,112374333,"45,131",4.05,64.6,4816.9125,365.2193214,13.60749544
Maharashtra,307690,2010,96878627,"44,443",3.23,64.3,4816.9,314.8578992,11.47193352
Madhya Pradesh,308245,2023,93474425.6,"24,274",10.86,38.0,1293.4,303.2471755,7.308838759
Madhya Pradesh,308245,2022,91634069.9,"25,949",4.82,37.8,1293.4,297.2767438,6.174439024
Madhya Pradesh,308245,2021,89793714.2,"20,483",5.69,37.6,1046,291.3063122,6.136627325
Madhya Pradesh,308245,2020,87953358.5,"22,147",6.43,37.4,1078.2,285.3358805,6.080418263
Madhya Pradesh,308245,2019,86113002.8,"25,593",4.87,37.2,1414.6,279.3654489,5.716630924
Madhya Pradesh,308245,2018,84272647.1,"16,197",1.02,37.0,910.8,273.3950173,5.473839306
Madhya Pradesh,308245,2017,82432291.4,"13,187",7.69,36.8,808.9,267.4245856,6.16487831
Madhya Pradesh,308245,2016,80591935.7,"21,843",6.23,36.6,1184.3,261.454154,5.794473532
Madhya Pradesh,308245,2015,78751580,"13,591",7.61,36.4,970.5,255.4837224,5.814573923
Madhya Pradesh,308245,2014,78751580,"13,341",7.24,36.2,908.1,255.4837224,5.732599094
Madhya Pradesh,308245,2013,72626809,"13,091",5.21,36.0,1464.2,235.6139078,5.019205272
Madhya Pradesh,308245,2012,72597565,"12,841",6.16,35.8,1052.3,235.5190352,5.097472139
Madhya Pradesh,308245,2011,72626809,"12,591",6.2,35.6,1293.4,235.6139078,5.075639937
Madhya Pradesh,308245,2010,60348023,"12,341",6.82,35.4,1293.4,195.779406,4.254038849
Manipur,22327,2023,"3,816,965","1,955",4.05,2.1,1564.6,170.95737,0.2070784931
Manipur,22327,2022,3709288.4,"1,853",2.12,2.0,1564.6,166.1346531,0.183928949
Manipur,22327,2021,3601611.6,"1,720",2.25,2.0,1153.1,161.3119362,0.1790774283
Manipur,22327,2020,3493934.8,"1,700",2.13,2.0,1372.7,156.4892193,0.1732873076
Manipur,22327,2019,"3,386,258","1,650",2.2,1.9,928.6,151.6665024,0.1597846884
Manipur,22327,2018,3278581.2,"1,880",2.13,1.9,1580.2,146.8437856,0.1286784632
Manipur,22327,2017,3170904.4,"1,900",2.47,1.9,1780,142.0210687,0.1253420379
Manipur,22327,2016,3063227.6,"2,000",2.2,1.8,1777.4,137.1983518,0.1140648406
Manipur,22327,2015,"2,955,551","1,950",2.03,1.8,1308.3,132.3756349,0.1096663648
Manipur,22327,2014,2847874,"1,800",2.65,1.8,2029.9,127.552918,0.1070529807
Manipur,22327,2013,2570390,"1,950",0.94,1.7,2043.5,115.1247369,0.08807373062
Manipur,22327,2012,2721756,"2,100",2.17,1.7,1170,121.9042415,0.0956601744
Manipur,22327,2011,"2,855,794","2,050",2.23,1.7,1684.85,127.9076455,0.1004961227
Manipur,22327,2010,2166788,"2,100",1.92,1.6,1532.7625,97.04787925,0.07130207421
Meghalaya,22720,2023,3397332.556,"2,100",4.05,2.0,1537.6,149.5304822,0.1436925023
Meghalaya,22720,2022,"3,343,407","2,150",2.12,2.0,1564.6,147.1569995,0.1357116143
Meghalaya,22720,2021,3289481.5,"1,995",2.25,2.0,1153.1,144.7835167,0.1338873969
Meghalaya,22720,2020,3235555.972,"2,032",2.13,2.0,1372.7,142.410034,0.1313618167
Meghalaya,22720,2019,"3,181,630","2,057",2.2,1.9,928.6,140.0365513,0.1228946884
Meghalaya,22720,2018,3127704.917,"2,070",2.13,1.9,1580.2,137.6630685,0.08402278551
Meghalaya,22720,2017,"2,965,928","1,914",2.47,1.9,1780,130.5426203,0.0802464169
Meghalaya,22720,2016,2965928.333,"1,826",2.2,1.8,1777.4,130.5426203,0.07559352436
Meghalaya,22720,2015,2965928.333,"2,276",2.03,1.8,1308.3,130.5426203,0.07532637122
Meghalaya,22720,2014,"2,965,928","1,992",2.65,1.8,2029.9,130.5426203,0.07631150615
Meghalaya,22720,2013,2966889,"2,063",0.94,1.7,2043.5,130.5849032,0.0695825043
Meghalaya,22720,2012,2964007,"1,946",2.17,1.7,1170,130.4580546,0.07130379009
Meghalaya,22720,2011,"2,966,889","2,029",2.23,1.7,1537.6,130.5849032,0.07146221398
Meghalaya,22720,2010,2318822,"1,794",1.92,1.6,1497.47,102.0608275,0.05222818016
Mizoram,21081,2023,1166750.333,26.08,4.05,1.1,1372.7,55.34606201,0.02037440102
Mizoram,21081,2022,1166750.333,29.82,2.12,1.1,1564.6,55.34606201,0.0195530723
Mizoram,21081,2021,1166750.333,43.75,2.25,1.1,1153.1,55.34606201,0.01960647296
Mizoram,21081,2020,1166750.333,33.67,2.13,1.1,1372.7,55.34606201,0.01955723517
Mizoram,21081,2019,1166750.333,39.65,2.2,1.0,928.6,55.34606201,0.01780550599
Mizoram,21081,2018,1166750.333,35.64,2.13,1.0,1580.2,55.34606201,1.619682041
Mizoram,21081,2017,1166750.333,30.84,2.47,1.0,1780,55.34606201,1.6312611
Mizoram,21081,2016,1166750.333,33.45,2.2,1.0,1777.4,55.34606201,1.622047239
Mizoram,21081,2015,1166750.333,39.65,2.03,1.0,1308.3,55.34606201,1.616314776
Mizoram,21081,2014,1166750.333,41.69,2.65,0.9,2029.9,55.34606201,1.473707856
Mizoram,21081,2013,1097206,43.75,0.94,0.9,2043.5,52.04715146,1.337564099
Mizoram,21081,2012,1305839,45.83,2.17,0.9,1170,61.94388312,1.632866482
Mizoram,21081,2011,1097206,47.92,2.23,0.9,1765.307273,52.04715146,1.373690561
Mizoram,21081,2010,888573,50.3,1.92,0.9,1806.369091,42.15041981,1.105310652
Nagaland,16579,2023,1979202,254,8.97,2.4,1308.3,119.3800591,0.9782432897
Nagaland,16579,2022,1979202,278,4.76,2.3,1564.6,119.3800591,0.8502394155
Nagaland,16579,2021,1979202,260,4.82,2.3,1153.1,119.3800591,0.8513764904
Nagaland,16579,2020,1979202,373,5.29,2.3,1372.7,119.3800591,0.860320365
Nagaland,16579,2019,1979202,307,4.16,2.2,928.6,119.3800591,0.8026387569
Nagaland,16579,2018,1979202,384,2.72,2.2,1580.2,119.3800591,0.3119464475
Nagaland,16579,2017,1979202,403,2.59,2.2,1780,119.3800591,0.3110897643
Nagaland,16579,2016,1979202,425,3.79,2.1,1777.4,119.3800591,0.3046602835
Nagaland,16579,2015,1979202,380,3.61,2.1,1308.3,119.3800591,0.3034813534
Nagaland,16579,2014,1979202,410,5.86,2.1,2029.9,119.3800591,0.3189452975
Nagaland,16579,2013,1978502,416,5.02,2.0,2043.5,119.337837,0.2979795094
Nagaland,16579,2012,1980602,464,4.68,2.0,1170,119.4645033,0.2960636388
Nagaland,16579,2011,1978502,487,5.74,2.0,1765.307273,119.337837,0.3028284301
Nagaland,16579,2010,1990036,568,3.85,1.9,1806.369091,120.0335364,0.277513787
Odisha,155707,2023,41965264.67,11315,6.74,23.5,1593.9,269.51431,8.221196002
Odisha,155707,2022,41965264.67,10593,4.01,23.4,1466.7,269.51431,7.700375732
Odisha,155707,2021,41965264.67,10467,2.81,23.3,1420.8,269.51431,7.472521742
Odisha,155707,2020,41965264.67,10416,2.57,23.2,1635.9,269.51431,7.402773446
Odisha,155707,2019,41965264.67,"13,435",2.63,23.1,1593.9,269.51431,7.380079682
Odisha,155707,2018,41965264.67,"10,589",5.21,23.0,1630,269.51431,0.1467769811
Odisha,155707,2017,41965264.67,"11,027",2.55,22.9,1344.5,269.51431,0.1379475371
Odisha,155707,2016,41965264.67,"12,576",3.19,22.8,1253.5,269.51431,0.13922316
Odisha,155707,2015,41965264.67,"12,936",3.34,22.7,1210.1,269.51431,0.1390582473
Odisha,155707,2014,41965264.67,"12,651",2.66,22.6,1536.9,269.51431,0.1364561143
Odisha,155707,2013,41974218,"12,434",2.39,22.5,1632.4,269.5718112,0.135110475
Odisha,155707,2012,41947358,"12,205",2.99,22.4,1430.2,269.3993077,0.1361401207
Odisha,155707,2011,41974218,"11,874",3.28,22.3,1426.234545,269.5718112,0.1364609409
Odisha,155707,2010,18660570,"12,164",2.93,22.2,1419.169091,119.8441303,0.05994563356
Punjab,50362,2023,27730304,"5,310",22.76,33.6,513.8,550.6195941,7.20312397
Punjab,50362,2022,27730304,"5,226",26.76,33.4,573.2,550.6195941,8.392598982
Punjab,50362,2021,27730304,"5,134",13.17,33.2,534.4,550.6195941,5.264135906
Punjab,50362,2020,27730304,"5,654",16.97,33.0,585.5,550.6195941,5.834378863
Punjab,50362,2019,27730304,"4,567",15.12,32.8,653.2,550.6195941,5.491440508
Punjab,50362,2018,27730304,"4,876",2.75,32.6,585.5,550.6195941,1.786388097
Punjab,50362,2017,27730304,"4,770",17.05,32.4,497.5,550.6195941,2.545939249
Punjab,50362,2016,27730304,"4,680",16.61,32.2,444,550.6195941,2.496886063
Punjab,50362,2015,27730304,"4,590",16.0,32.0,512.6,550.6195941,2.436854572
Punjab,50362,2014,27730304,"4,598",14.78,31.8,382.7,550.6195941,2.337750676
Punjab,50362,2013,27743338,"4,496",13.9,31.6,586.6,550.8784004,2.267472909
Punjab,50362,2012,27704236,"4,329",14.61,31.4,338.9,550.1019817,2.295100443
Punjab,50362,2011,27743338,"4,345",10.65,31.2,408.8927273,550.8784004,2.053878584
Punjab,50362,2010,24358999,"4,211",11.03,31.0,390.7672727,483.6781502,1.809243841
Rajasthan,342239,2023,77190800.57,"3,744",35.92,38.5,652.5,225.5464765,18.99920862
Rajasthan,342239,2022,76156619.94,"3,625",0.4,38.3,640.8,222.5246683,18.07985735
Rajasthan,342239,2021,75122439.31,"3,506",20.3,38.1,551.4,219.50286,13.24080073
Rajasthan,342239,2020,74088258.69,"3,577",20.22,37.9,531.9,216.4810518,12.95508395
Rajasthan,342239,2019,73054078.06,"3,283",19.77,37.7,652.5,213.4592436,12.51764096
Rajasthan,342239,2018,72019897.43,"3,387",20.53,37.5,422.1,210.4374353,9.99947766
Rajasthan,342239,2017,72019897.43,"3,268",19.26,37.3,493.3,210.4374353,9.535214553
Rajasthan,342239,2016,68572628.67,"3,149",19.07,37.1,507.6,200.3647412,8.974653029
Rajasthan,342239,2015,68572628.67,"3,030",19.07,36.9,528.6,200.3647412,8.926266707
Rajasthan,342239,2014,68572628.67,"2,911",18.17,36.7,694.7,200.3647412,8.626821912
Rajasthan,342239,2013,68548437,"2,792",17.4,36.5,423.5,200.2940547,8.374276809
Rajasthan,342239,2012,68621012,"2,673",17.44,36.3,485.4,200.5061141,8.347434764
Rajasthan,342239,2011,68548437,"2,554",18.84,36.1,486.7545455,200.2940547,8.665241822
Rajasthan,342239,2010,56507188,"2,435",18.87,35.9,478.0045455,165.1103118,7.110375655
Sikkim,7096,2023,609614,7.07,8.2,0.81,2836.1,85.90952649,0.6216284676
Sikkim,7096,2022,609614,6.94,7.86,0.8,2764.1,85.90952649,0.6090018237
Sikkim,7096,2021,609614,6.81,8.2,0.79,2616.7,85.90952649,0.6062827986
Sikkim,7096,2020,609614,6.68,8.63,0.78,3353.6,85.90952649,0.6048191049
Sikkim,7096,2019,609614,6.55,10.2,0.77,2472.7,85.90952649,0.6206293293
Sikkim,7096,2018,609614,6.42,5.6,0.76,2355.3,85.90952649,0.3835226554
Sikkim,7096,2017,609614,6.29,7.3,0.75,2873.7,85.90952649,0.3935388394
Sikkim,7096,2016,609614,6.16,6.95,0.74,2624.8,85.90952649,0.3851372494
Sikkim,7096,2015,609614,6.03,6.56,0.73,2501.7,85.90952649,0.3765229671
Sikkim,7096,2014,609614,5.9,7.2,0.72,2322.6,85.90952649,0.3769194941
Sikkim,7096,2013,610577,5.77,5.91,0.71,2406.1,86.04523675,0.3613794875
Sikkim,7096,2012,607688,5.64,6.1,0.7,3006.9,85.63810598,0.3561335932
Sikkim,7096,2011,610577,5.51,6.6,0.69,2532.896364,86.04523675,0.3567820229
Sikkim,7096,2010,540851,5.41,6.43,0.68,2511.133636,76.21913754,0.3102433399
Tamil Nadu,130058,2023,76788765.6,"1,412",14.57,46.1,1444.1,590.4193944,8.4865197
Tamil Nadu,130058,2022,76788765.6,"1,546",9.58,45.9,1444.1,590.4193944,7.4865197
Tamil Nadu,130058,2021,76788765.6,"1,617",4.71,45.7,1444.1,590.4193944,5.53826654
Tamil Nadu,130058,2020,76788765.6,"1,583",7.44,45.5,1444.1,590.4193944,6.46256749
Tamil Nadu,130058,2019,76788765.6,"1,444",3.0,45.3,1444.1,590.4193944,4.8419021
Tamil Nadu,130058,2018,76788765.6,"1,294",7.16,45.1,1444.1,590.4193944,6.737514098
Tamil Nadu,130058,2017,76788765.6,"1,562",7.63,44.9,1830,590.4193944,6.781977606
Tamil Nadu,130058,2016,75396407.22,"1,344",8.44,44.7,1427,579.7137217,6.758608336
Tamil Nadu,130058,2015,72149417.67,"1,546",5.44,44.5,1507.7,554.7480176,6.005131403
Tamil Nadu,130058,2014,72148032.67,"1,464",7.05,44.3,1241.6,554.7373685,6.202146901
Tamil Nadu,130058,2013,72149800,"1,294",8.08,44.1,1939.9,554.7509573,6.325893979
Tamil Nadu,130058,2012,72138958,"1,434",5.95,43.9,1258.3,554.6675945,5.991914697
Tamil Nadu,130058,2011,72147030,"1,212",5.02,43.7,1468.705455,554.7296591,5.841923032
Tamil Nadu,130058,2010,62405679,"1,343",6.52,43.5,1454.883636,479.8296068,5.203539571
Tripura,10491,2023,3988790.222,217,12.05,1.8,1693.161818,380.2106779,0.1954755058
Tripura,10491,2022,3949310.861,226,5.66,1.8,1564.6,376.4475132,0.1656504473
Tripura,10491,2021,3909831.5,182,6.04,1.8,1340.2,372.6843485,0.1654129192
Tripura,10491,2020,3870352.139,278,5.16,1.8,1541.4,368.9211838,0.1605285385
Tripura,10491,2019,3830872.778,134,4.59,1.7,1639.3,365.158019,0.1481798932
Tripura,10491,2018,3791393.417,201,5.5,1.7,2119.9,361.3948543,0.7385310126
Tripura,10491,2017,3672955.333,270,3.2,1.7,3326.8,350.1053601,0.6802828051
Tripura,10491,2016,3672955.333,228,3.8,1.7,1956.4,350.1053601,0.6891374654
Tripura,10491,2015,3672955.333,134,5.08,1.6,1947.4,350.1053601,0.6670812521
Tripura,10491,2014,3672955.333,122,9.81,1.6,1599.9,350.1053601,0.7455933318
Tripura,10491,2013,3673917,103,5.79,1.6,1557.2,350.197026,0.6779773725
Tripura,10491,2012,3671032,109,6.03,1.6,1882.2,349.9220284,0.681137488
Tripura,10491,2011,3673917,93,4.91,1.6,2029.62,350.197026,0.664739109
Tripura,10491,2010,3199203,101,5.58,1.6,2057.658182,304.9473835,0.5875770144
Telangana,112077,2023,39775834,3999,8.01,27.5,1379.266667,354.897383,12.43348537
Telangana,112077,2022,39378154,4235,6.56,27.4,1270.6,351.3491082,11.85507786
Telangana,112077,2021,38980474,4176,4.69,27.3,1208.5,347.8008334,11.20998912
Telangana,112077,2020,38582794,4069,4.22,27.2,1350.3,344.2525585,10.94145531
Telangana,112077,2019,38185114,4225,7.15,27.1,1031.7,340.7042837,11.52664987
Telangana,112077,2018,37787434,"1,233",5.44,27.0,846,337.1560088,13.80329417
Telangana,112077,2017,37389754,"1,695",7.77,26.9,815.7,333.607734,14.35821345
Telangana,112077,2016,36992074,"2,925",7.57,26.8,1043.4,330.0594591,14.08590356
Telangana,112077,2015,36594394,"1,296",10.87,26.7,747.9,326.5111843,15.05333304
Telangana,112077,2014,36196714,"2,376",8.81,26.6,685.6,322.9629094,14.09213273
Telangana,112077,2013,35799034,"3,082",4.92,26.5,620.6666667,319.4146346,12.68680436
Telangana,112077,2012,35401354,"3,382",7.01,26.4,972.8,315.8663597,13.10603914
Telangana,112077,2011,35003674,"2,937",7.93,26.3,747.9,312.3180849,13.19210478
Telangana,112077,2010,35003674,"3,978",5.06,26.2,747.9,312.3180849,12.30267483
Uttar Pradesh,243286,2023,222093696.6,2741,12.4,79.8,829.1345455,912.8913976,10.36435716
Uttar Pradesh,243286,2022,219298907.8,3787,5.32,79.4,767.3,901.4037297,8.569133017
Uttar Pradesh,243286,2021,216504119,3980,4.94,79.0,920.7,889.9160618,8.346294205
Uttar Pradesh,243286,2020,213709330.2,4082,5.62,78.6,829.5,878.4283938,8.322447598
Uttar Pradesh,243286,2019,210914541.4,4092,5.7,78.2,796,866.9407259,8.186574102
Uttar Pradesh,243286,2018,208119752.7,"2,909",6.16,77.8,805.4,855.453058,8.121104813
Uttar Pradesh,243286,2017,199735386.3,"3,064",6.36,77.4,652.1,820.9900542,9.838504032
Uttar Pradesh,243286,2016,199735386.3,"4,008",5.91,77.0,871.7,820.9900542,9.687714901
Uttar Pradesh,243286,2015,199735386.3,"7,860",6.74,76.6,603.6,820.9900542,9.822349343
Uttar Pradesh,243286,2014,199735386.3,"12,040",6.22,76.2,601.4,820.9900542,9.65500044
Uttar Pradesh,243286,2013,199812341,"9,180",4.82,75.8,995.2,821.3063678,9.310218165
Uttar Pradesh,243286,2012,199581477,"11,280",5.29,75.4,723.6,820.3574271,9.347682381
Uttar Pradesh,243286,2011,199812341,"10,420",5.24,75.0,728.4109091,821.3063678,9.298449169
Uttar Pradesh,243286,2010,166197921,"10,800",5.49,74.6,720.0172727,683.1380392,7.736132083
Uttarakhand,53483,2023,10096445.33,3765,11.87,7.6,1660.1,188.7785901,2.542272032
Uttarakhand,53483,2022,10096445.33,3389,6.63,7.5,1517.3,188.7785901,2.205722216
Uttarakhand,53483,2021,10096445.33,3975,11.09,7.5,1664.5,188.7785901,2.458530444
Uttarakhand,53483,2020,10096445.33,3368,12.13,7.4,1373,188.7785901,2.492383249
Uttarakhand,53483,2019,10096445.33,3484,13.84,7.4,1378.9,188.7785901,2.610242648
Uttarakhand,53483,2018,10096445.33,3200,11.06,7.3,1392.2,188.7785901,2.391143004
Uttarakhand,53483,2017,10096445.33,2886,8.53,7.3,1476,188.7785901,2.241222071
Uttarakhand,53483,2016,10096445.33,"4,940",8.07,7.2,1308.6,188.7785901,2.186278759
Uttarakhand,53483,2015,10096445.33,"5,030",5.49,7.2,1247.6,188.7785901,2.059558779
Uttarakhand,53483,2014,10096445.33,"5,170",7.57,7.1,1287.4,188.7785901,2.130510061
Uttarakhand,53483,2013,10086292,"4,890",6.71,7.1,1735.4,188.5887478,2.086065084
Uttarakhand,53483,2012,10116752,"4,220",9.26,7.0,1309.7,189.1582746,2.192033237
Uttarakhand,53483,2011,10086292,"5,310",7.96,7.0,1352.378182,188.5887478,2.117853154
Uttarakhand,53483,2010,8489349,"4,540",7.55,6.9,1340.038182,158.7298581,1.740103366
West Bengal,88752,2023,91299988.67,825,13.56,30.3,1520.3,1028.709084,5.768960531
West Bengal,88752,2022,91299988.67,618,14.2,30.1,1222,1028.709084,5.833377453
West Bengal,88752,2021,91299988.67,1147,12.45,29.9,2112.7,1028.709084,5.524439574
West Bengal,88752,2020,91299988.67,739,13.1,29.7,1564.4,1028.709084,5.584227476
West Bengal,88752,2019,91299988.67,1077,10.8,29.5,1520.3,1028.709084,5.221202356
West Bengal,88752,2018,91299988.67,450,11.61,29.3,1444.1,1028.709084,5.295227376
West Bengal,88752,2017,91299988.67,"1,268",11.86,29.1,1830,1028.709084,7.308158243
West Bengal,88752,2016,91299988.67,752,11.3,28.9,1427,1028.709084,7.152989911
West Bengal,88752,2015,91299988.67,"1,180",10.5,28.7,1507.7,1028.709084,6.959607859
West Bengal,88752,2014,91299988.67,"2,010",10.2,28.5,1241.6,1028.709084,6.859056558
West Bengal,88752,2013,91276115,"2,890",10.43,28.3,1939.9,1028.440091,6.848590888
West Bengal,88752,2012,91347736,"2,540",9.2,28.1,1258.3,1029.24707,6.600483397
West Bengal,88752,2011,91276115,"2,830",9.88,27.9,1468.705455,1028.440091,6.659314996
West Bengal,88752,2010,80176197,"3,210",9.86,27.7,1454.883636,903.3734113,5.804662315
Andaman & Nicobar (UT),8249,2023,438847.6667,92.85,4.5,0.3,3442.4,53.20010506,0.03265983628
Andaman & Nicobar (UT),8249,2022,433385.1667,89.47,4.26,0.3,3238.7,52.53790358,0.03208422822
Andaman & Nicobar (UT),8249,2021,427922.6667,92.35,4.11,0.29,3493.4,51.87570211,0.03052357376
Andaman & Nicobar (UT),8249,2020,422460.1667,86.62,4.32,0.29,2842.9,51.21350063,0.03027288785
Andaman & Nicobar (UT),8249,2019,416997.6667,93.21,4.78,0.28,3086,50.55129915,0.02914436979
Andaman & Nicobar (UT),8249,2018,411535.1667,86.48,4.89,0.28,2888.1,49.88909767,0.02883284937
Andaman & Nicobar (UT),8249,2017,406072.6667,83.55,5.2,0.27,2757.24,49.22689619,0.02714613702
Andaman & Nicobar (UT),8249,2016,400610.1667,82.66,4.36,0.27,2866.38,48.56469471,0.02628803224
Andaman & Nicobar (UT),8249,2015,395147.6667,81.16,4.59,0.26,3555.52,47.90249323,0.02509530761
Andaman & Nicobar (UT),8249,2014,391506,85.17,4.23,0.26,2344.66,47.46102558,0.02466913196
Andaman & Nicobar (UT),8249,2013,380581,76.31,3.65,0.25,2333.8,46.13662262,0.02276988136
Andaman & Nicobar (UT),8249,2012,380581,88.19,4.95,0.25,2222.94,46.13662262,0.02342697114
Andaman & Nicobar (UT),8249,2011,380581,85.41,4.8,0.24,2313.898182,46.13662262,0.02241521633
Andaman & Nicobar (UT),8249,2010,380581,76.44,4.6,0.24,2220.310909,46.13662262,0.02231652212
Chandigarh (UT),114,2023,1175819.333,155,23.21,0.55,534.91,10314.20468,9.37597368
Chandigarh (UT),114,2022,1163367.333,142,21.43,0.54,623.6,10204.97661,7.64950604
Chandigarh (UT),114,2021,1150915.333,138,18.59,0.53,742.4,10095.74854,5.58772394
Chandigarh (UT),114,2020,1138463.333,138,21.85,0.52,1046.5,9986.520468,6.87988559
Chandigarh (UT),114,2019,1126011.333,145,12.79,0.51,938.7,9877.292398,2.38750899
Chandigarh (UT),114,2018,1113559.333,152,17.77,0.5,1126.5,9768.064327,3.86594704
Chandigarh (UT),114,2017,1101107.333,134,20.79,0.49,1256.17,9658.836257,5.97843614
Chandigarh (UT),114,2016,1088655.333,128,16.81,0.48,1376.38,9549.608187,3.61962545
Chandigarh (UT),114,2015,1080354,124,17.89,0.47,1596.59,9476.789474,3.67920404
Chandigarh (UT),114,2014,1055450,120,13.59,0.46,1616.8,9258.333333,1.53491314
Chandigarh (UT),114,2013,1055450,141,22.52,0.45,737.01,9258.333333,4.95135524
Chandigarh (UT),114,2012,1055450,137,19.62,0.44,1257.22,9258.333333,3.22340715
Chandigarh (UT),114,2011,1055450,131,14.36,0.43,1470.157273,9258.333333,1.01562894
Chandigarh (UT),114,2010,1055450,148,11.96,0.42,1528.549091,9258.333333,1.01562894
Dadra & Nagar Haveli (UT),491,2023,686813,371,11.36,0.45,2057.3,1398.804481,1.490581413
Dadra & Nagar Haveli (UT),491,2022,658221,357,12.0,0.44,2057.3,1340.572301,1.420306998
Dadra & Nagar Haveli (UT),491,2021,629629,336,11.94,0.43,2057.3,1282.340122,1.32564078
Dadra & Nagar Haveli (UT),491,2020,601037,325,12.33,0.43,2057.3,1224.107943,1.278542783
Dadra & Nagar Haveli (UT),491,2019,572445,311,11.62,0.42,2057.3,1165.875764,1.167400183
Dadra & Nagar Haveli (UT),491,2018,543853,347,15.61,0.41,2057.3,1107.643585,1.208292671
Dadra & Nagar Haveli (UT),491,2017,515261,300,12.32,0.4,3050.7,1049.411405,1.019309709
Dadra & Nagar Haveli (UT),491,2016,486669,336,10.5,0.39,2732.4,991.1792261,0.8954391849
Dadra & Nagar Haveli (UT),491,2015,458077,311,10.62,0.38,1667.4,932.9470468,0.8237452751
Dadra & Nagar Haveli (UT),491,2014,429485,258,9.4,0.37,2077.5,874.7148676,0.7294011634
Dadra & Nagar Haveli (UT),491,2013,400893,290,9.66,0.36,1928,816.4826884,0.6667135643
Dadra & Nagar Haveli (UT),491,2012,372301,325,9.5,0.35,1778.5,758.2505092,0.6462048464
Dadra & Nagar Haveli (UT),491,2011,343709,276,9.23,0.34,1628.946667,700.0183299,0.5756968351
Dadra & Nagar Haveli (UT),491,2010,343709,300,10.11,0.33,1479.415152,700.0183299,0.5710929114
Daman & Diu (UT),112,2023,361234,639,7.88,0.44,2457.749091,3225.303571,3.32256108
Daman & Diu (UT),112,2022,"351,432",608,7.25,0.43,2098,3137.785714,3.112416632
Daman & Diu (UT),112,2021,341630,593,6.56,0.43,2212.8,3050.267857,2.977542228
Daman & Diu (UT),112,2020,"331,828",566,5.84,0.42,1721.7,2962.75,2.778828548
Daman & Diu (UT),112,2019,322026,541,8.36,0.41,2270.3,2875.232143,2.791809755
Daman & Diu (UT),112,2018,"312,224",538,6.24,0.4,1367.2,2787.714286,2.512932553
Daman & Diu (UT),112,2017,302422,522,5.89,0.39,2013.1,2700.196429,2.354325786
Daman & Diu (UT),112,2016,"292,620",572,6.22,0.38,1858,2612.678571,2.236345182
Daman & Diu (UT),112,2015,282818,533,6.98,0.37,637.1,2525.160714,2.141792388
Daman & Diu (UT),112,2014,"273,016",452,5.3,0.36,1052.6,2437.642857,1.936057871
Daman & Diu (UT),112,2013,263214,498,4.21,0.35,884.3,2350.125,1.771509426
Daman & Diu (UT),112,2012,"253,412",551,5.94,0.34,716,2262.607143,2.189438674
Daman & Diu (UT),112,2011,243610,466,5.2,0.33,602.4509091,2175.089286,2.009108978
Daman & Diu (UT),112,2010,243610,513,5.63,0.33,447.8427273,2175.089286,2.028586383
Jammu & Kashmir(UT),42241,2023,16641985,"2,730",13.25,10.5,905.0618182,393.9770602,14.11519368
Jammu & Kashmir(UT),42241,2022,16277404,"3,000",9.87,10.4,1040.4,385.3460856,12.52271526
Jammu & Kashmir(UT),42241,2021,15912823,"2,890",4.22,10.3,894.7,376.7151109,10.62822961
Jammu & Kashmir(UT),42241,2020,15548242,"2,740",4.76,10.2,1016.3,368.0841363,10.40662549
Jammu & Kashmir(UT),42241,2019,15183661,2580,4.11,10.1,1324.1,359.4531616,9.920377815
Jammu & Kashmir(UT),42241,2018,14819080,2740,3.76,10.0,1040.6,350.822187,9.513810411
Jammu & Kashmir(UT),42241,2017,14454499,"2,430",4.68,9.9,1278.9,342.1912123,9.373398437
Jammu & Kashmir(UT),42241,2016,14089918,"2,610",4.76,9.8,902.8,333.5602377,9.060750429
Jammu & Kashmir(UT),42241,2015,13725337,"2,410",4.31,9.7,1572.6,324.929263,8.650070847
Jammu & Kashmir(UT),42241,2014,13360756,"2,010",4.34,9.6,1362.5,316.2982884,8.339012934
Jammu & Kashmir(UT),42241,2013,12996175,"2,728",4.29,9.5,1413.3,307.6673137,8.018171568
Jammu & Kashmir(UT),42241,2012,12631594,"2,500",4.83,9.4,1464.2,299.0363391,8.308723082
Jammu & Kashmir(UT),42241,2011,12267013,"2,080",5.05,9.3,1515.010909,290.4053645,8.022133905
Jammu & Kashmir(UT),42241,2010,12267013,"2,360",5.3,9.2,1565.84,290.4053645,7.980247573
Lakshadweep (UT),32,2023,"70,965",11.5,6.0,0.06,,2217.65625,0.4037751511
Lakshadweep (UT),32,2022,"70,424",11.2,6.0,0.06,2095.9,2200.75,0.4006778949
Lakshadweep (UT),32,2021,"69,883",11,6.0,0.06,1898.7,2183.84375,0.3976016531
Lakshadweep (UT),32,2020,"69,342",10.5,6.0,0.05,1884.7,2166.9375,0.3287697843
Lakshadweep (UT),32,2019,"68,801",9.8,6.0,0.05,2143,2150.03125,0.3262028374
Lakshadweep (UT),32,2018,"68,260",10.2,6.0,0.05,1438.2,2133.125,0.3236430043
Lakshadweep (UT),32,2017,"67,719",8.8,6.0,0.05,1738.9,2116.21875,0.3210757521
Lakshadweep (UT),32,2016,"67,178",9.5,6.0,0.05,1065.7,2099.3125,0.3185155846
Lakshadweep (UT),32,2015,"66,637",9,6.0,0.05,1640,2082.40625,0.3159463811
Lakshadweep (UT),32,2014,"66,096",7.5,6.0,0.05,1395,2065.5,0.3133830797
Lakshadweep (UT),32,2013,"65,555",8.2,6.0,0.05,1426.3,2048.59375,0.310817798
Lakshadweep (UT),32,2012,"65,014",9.2,6.0,0.05,1433.2,2031.6875,0.9530420077
Lakshadweep (UT),32,2011,"64,473",7.8,6.0,0.04,1211.743636,2014.78125,0.7560929849
Lakshadweep (UT),32,2010,"64,473",8.5,6.0,0.04,1138.555455,2014.78125,0.7560942423
Puducherry (UT),294,2023,"834,429",87.39,17.59,0.91,1614.805455,2838.193878,3.289536533
Puducherry (UT),294,2022,"819,084",121.41,19.89,0.91,1131,2786.0,3.475740595
Puducherry (UT),294,2021,"803,739",64.27,10.21,0.9,2275.5,2733.806122,2.55248611
Puducherry (UT),294,2020,"788,394",111.93,12.33,0.9,1693.9,2681.612245,2.644693027
Puducherry (UT),294,2019,"773,049",142.11,11.94,0.89,1317,2629.418367,2.538153071
Puducherry (UT),294,2018,"757,704",104.81,12.42,0.89,1142.1,2577.22449,2.519557145
Puducherry (UT),294,2017,"742,359",123.91,2.42,0.88,1582.5,2525.030612,1.927801751
Puducherry (UT),294,2016,"727,014",143.29,12.39,0.88,655.6,2472.836735,2.388466389
Puducherry (UT),294,2015,"711,669",123.71,10.71,0.87,1980.6,2420.642857,2.212574881
Puducherry (UT),294,2014,"696,324",141.89,17.21,0.87,1330,2368.44898,2.594037035
Puducherry (UT),294,2013,"680,979",134.41,8.96,0.86,1298.1,2316.255102,2.003621477
Puducherry (UT),294,2012,"665,634",139.41,3.17,0.86,1266.4,2264.061224,0.2525667278
Puducherry (UT),294,2011,"650,289",134.91,4.65,0.85,1234.776364,2211.867347,0.2518339681
Puducherry (UT),294,2010,"650,289",129.11,2.48,0.85,1203.107273,2211.867347,0.2403344333
